{"cameraMode":{"drawMode":0,"name":"Shaded","section":"Shading Mode"},"sceneLighting":true,"audioPlay":false,"sceneViewState":{"showFog":true,"showMaterialUpdate":false,"showSkybox":true,"showFlares":true,"showImageEffects":true,"showParticleSystems":true},"in2DMode":false,"pivot":{"x":3.616866111755371,"y":8.654306411743164,"z":-9.182708740234375},"rotation":{"x":-0.012701541185379029,"y":0.9818730354309082,"z":-0.07112210243940354,"w":-0.17532585561275483},"size":14.946867942810059,"orthographic":false}